Series Name,Series Code,Country Name,Country Code,2014 [YR2014],2015 [YR2015],2016 [YR2016],2017 [YR2017],2018 [YR2018]
"Unemployment, total (% of total labor force) (modeled ILO estimate)",SL.UEM.TOTL.ZS,Afghanistan,AFG,11.1420001983643,11.1269998550415,11.1579999923706,11.1800003051758,11.1520004272461
"Unemployment, total (% of total labor force) (modeled ILO estimate)",SL.UEM.TOTL.ZS,Albania,ALB,18.0499992370605,17.1900005340576,15.4200000762939,13.6199998855591,12.3000001907349
"Unemployment, total (% of total labor force) (modeled ILO estimate)",SL.UEM.TOTL.ZS,Algeria,DZA,10.210000038147,11.210000038147,10.1999998092651,10.3330001831055,10.4200000762939
"Unemployment, total (% of total labor force) (modeled ILO estimate)",SL.UEM.TOTL.ZS,American Samoa,ASM,..,..,..,..,..
"Unemployment, total (% of total labor force) (modeled ILO estimate)",SL.UEM.TOTL.ZS,Andorra,AND,..,..,..,..,..
"Unemployment, total (% of total labor force) (modeled ILO estimate)",SL.UEM.TOTL.ZS,Angola,AGO,7.37200021743774,7.39200019836426,7.41200017929077,7.40799999237061,7.4210000038147
"Unemployment, total (% of total labor force) (modeled ILO estimate)",SL.UEM.TOTL.ZS,Antigua and Barbuda,ATG,..,..,..,..,..
"Unemployment, total (% of total labor force) (modeled ILO estimate)",SL.UEM.TOTL.ZS,Argentina,ARG,7.26999998092651,7.52099990844727,8.11100006103516,8.35000038146973,9.22000026702881
"Unemployment, total (% of total labor force) (modeled ILO estimate)",SL.UEM.TOTL.ZS,Armenia,ARM,17.5,18.2600002288818,17.6200008392334,17.7000007629395,18.9699993133545
"Unemployment, total (% of total labor force) (modeled ILO estimate)",SL.UEM.TOTL.ZS,Aruba,ABW,..,..,..,..,..
"Unemployment, total (% of total labor force) (modeled ILO estimate)",SL.UEM.TOTL.ZS,Australia,AUS,6.07999992370605,6.05000019073486,5.71000003814697,5.59000015258789,5.30000019073486
"Unemployment, total (% of total labor force) (modeled ILO estimate)",SL.UEM.TOTL.ZS,Austria,AUT,5.61999988555908,5.71999979019165,6.01000022888184,5.5,4.84999990463257
"Unemployment, total (% of total labor force) (modeled ILO estimate)",SL.UEM.TOTL.ZS,Azerbaijan,AZE,4.90999984741211,4.96000003814697,5,5,4.90000009536743
"Unemployment, total (% of total labor force) (modeled ILO estimate)",SL.UEM.TOTL.ZS,"Bahamas, The",BHS,13.8000001907349,12,12.6999998092651,9.80000019073486,10
"Unemployment, total (% of total labor force) (modeled ILO estimate)",SL.UEM.TOTL.ZS,Bahrain,BHR,1.19000005722046,1.20200002193451,1.19099998474121,1.18299996852875,1.20099997520447
"Unemployment, total (% of total labor force) (modeled ILO estimate)",SL.UEM.TOTL.ZS,Bangladesh,BGD,4.38399982452393,4.36600017547607,4.34999990463257,4.36999988555908,4.41300010681152
"Unemployment, total (% of total labor force) (modeled ILO estimate)",SL.UEM.TOTL.ZS,Barbados,BRB,12.1700000762939,9.80000019073486,8.25,8.61999988555908,8.31999969482422
"Unemployment, total (% of total labor force) (modeled ILO estimate)",SL.UEM.TOTL.ZS,Belarus,BLR,5.99399995803833,5.84000015258789,5.84000015258789,5.65000009536743,4.76000022888184
"Unemployment, total (% of total labor force) (modeled ILO estimate)",SL.UEM.TOTL.ZS,Belgium,BEL,8.52000045776367,8.47999954223633,7.82999992370605,7.09000015258789,5.94999980926514
"Unemployment, total (% of total labor force) (modeled ILO estimate)",SL.UEM.TOTL.ZS,Belize,BLZ,8.23999977111816,7.57999992370605,7,6.59999990463257,6.64400005340576
"Unemployment, total (% of total labor force) (modeled ILO estimate)",SL.UEM.TOTL.ZS,Benin,BEN,2.13299989700317,2.00699996948242,1.82799994945526,1.64400005340576,1.47000002861023
"Unemployment, total (% of total labor force) (modeled ILO estimate)",SL.UEM.TOTL.ZS,Bermuda,BMU,..,..,..,..,..
"Unemployment, total (% of total labor force) (modeled ILO estimate)",SL.UEM.TOTL.ZS,Bhutan,BTN,2.63000011444092,2.45000004768372,2.49300003051758,2.45300006866455,2.44400000572205
"Unemployment, total (% of total labor force) (modeled ILO estimate)",SL.UEM.TOTL.ZS,Bolivia,BOL,2.01999998092651,3.10999989509583,3.5,3.65000009536743,3.51999998092651
"Unemployment, total (% of total labor force) (modeled ILO estimate)",SL.UEM.TOTL.ZS,Bosnia and Herzegovina,BIH,27.5200004577637,27.6900005340576,25.4099998474121,20.5300006866455,18.3999996185303
"Unemployment, total (% of total labor force) (modeled ILO estimate)",SL.UEM.TOTL.ZS,Botswana,BWA,19.9909992218018,20.5709991455078,21.0289993286133,21.5659999847412,22.0709991455078
"Unemployment, total (% of total labor force) (modeled ILO estimate)",SL.UEM.TOTL.ZS,Brazil,BRA,6.65999984741211,8.43000030517578,11.6000003814697,12.8199996948242,12.3299999237061
"Unemployment, total (% of total labor force) (modeled ILO estimate)",SL.UEM.TOTL.ZS,British Virgin Islands,VGB,..,..,..,..,..
"Unemployment, total (% of total labor force) (modeled ILO estimate)",SL.UEM.TOTL.ZS,Brunei Darussalam,BRN,6.96999979019165,7.78499984741211,8.38300037384033,9.31999969482422,8.69999980926514
"Unemployment, total (% of total labor force) (modeled ILO estimate)",SL.UEM.TOTL.ZS,Bulgaria,BGR,11.4200000762939,9.14000034332275,7.57000017166138,6.15999984741211,5.21000003814697
"Unemployment, total (% of total labor force) (modeled ILO estimate)",SL.UEM.TOTL.ZS,Burkina Faso,BFA,4.18800020217896,4.32100009918213,4.43400001525879,4.56300020217896,4.69000005722046
"Unemployment, total (% of total labor force) (modeled ILO estimate)",SL.UEM.TOTL.ZS,Burundi,BDI,1.57000005245209,1.60000002384186,1.5900000333786,1.58899998664856,1.58700001239777
"Unemployment, total (% of total labor force) (modeled ILO estimate)",SL.UEM.TOTL.ZS,Cabo Verde,CPV,11.5749998092651,11.8000001907349,12.0080003738403,12.2399997711182,12.1700000762939
"Unemployment, total (% of total labor force) (modeled ILO estimate)",SL.UEM.TOTL.ZS,Cambodia,KHM,0.689999997615814,0.389999985694885,0.720000028610229,0.140000000596046,0.14300000667572
"Unemployment, total (% of total labor force) (modeled ILO estimate)",SL.UEM.TOTL.ZS,Cameroon,CMR,3.52999997138977,3.55100011825562,3.57500004768372,3.59999990463257,3.61700010299683
"Unemployment, total (% of total labor force) (modeled ILO estimate)",SL.UEM.TOTL.ZS,Canada,CAN,6.90999984741211,6.90999984741211,7,6.34000015258789,5.82999992370605
"Unemployment, total (% of total labor force) (modeled ILO estimate)",SL.UEM.TOTL.ZS,Cayman Islands,CYM,..,..,..,..,..
"Unemployment, total (% of total labor force) (modeled ILO estimate)",SL.UEM.TOTL.ZS,Central African Republic,CAF,5.52899980545044,5.60599994659424,5.65199995040894,5.64799976348877,5.60500001907349
"Unemployment, total (% of total labor force) (modeled ILO estimate)",SL.UEM.TOTL.ZS,Chad,TCD,1.0460000038147,1.07099997997284,1.10399997234344,1.11899995803833,1.12999999523163
"Unemployment, total (% of total labor force) (modeled ILO estimate)",SL.UEM.TOTL.ZS,Channel Islands,CHI,8.60900020599365,8.21500015258789,7.74200010299683,7.13800001144409,6.57399988174438
"Unemployment, total (% of total labor force) (modeled ILO estimate)",SL.UEM.TOTL.ZS,Chile,CHL,6.65999984741211,6.51000022888184,6.73999977111816,6.96000003814697,7.23000001907349
"Unemployment, total (% of total labor force) (modeled ILO estimate)",SL.UEM.TOTL.ZS,China,CHN,4.6100001335144,4.63000011444092,4.53000020980835,4.44000005722046,4.28000020980835
"Unemployment, total (% of total labor force) (modeled ILO estimate)",SL.UEM.TOTL.ZS,Colombia,COL,8.56999969482422,8.30000019073486,8.6899995803833,8.86999988555908,9.10999965667725
"Unemployment, total (% of total labor force) (modeled ILO estimate)",SL.UEM.TOTL.ZS,Comoros,COM,8.14000034332275,8.13599967956543,8.10200023651123,8.08600044250488,8.07900047302246
"Unemployment, total (% of total labor force) (modeled ILO estimate)",SL.UEM.TOTL.ZS,"Congo, Dem. Rep.",COD,4.46400022506714,4.46600008010864,4.47700023651123,4.46500015258789,4.45100021362305
"Unemployment, total (% of total labor force) (modeled ILO estimate)",SL.UEM.TOTL.ZS,"Congo, Rep.",COG,20.3099994659424,20.44700050354,20.5590000152588,20.5590000152588,20.6140003204346
"Unemployment, total (% of total labor force) (modeled ILO estimate)",SL.UEM.TOTL.ZS,Costa Rica,CRI,9.0600004196167,9,8.60000038146973,8.14000034332275,9.63000011444092
"Unemployment, total (% of total labor force) (modeled ILO estimate)",SL.UEM.TOTL.ZS,Cote d'Ivoire,CIV,3.70099997520447,3.1489999294281,2.59999990463257,3.26999998092651,3.29299998283386
"Unemployment, total (% of total labor force) (modeled ILO estimate)",SL.UEM.TOTL.ZS,Croatia,HRV,17.2900009155273,16.1800003051758,13.1000003814697,11.210000038147,8.43000030517578
"Unemployment, total (% of total labor force) (modeled ILO estimate)",SL.UEM.TOTL.ZS,Cuba,CUB,2.70000004768372,2.40000009536743,2,1.70000004768372,1.70000004768372
"Unemployment, total (% of total labor force) (modeled ILO estimate)",SL.UEM.TOTL.ZS,Curacao,CUW,..,..,..,..,..
"Unemployment, total (% of total labor force) (modeled ILO estimate)",SL.UEM.TOTL.ZS,Cyprus,CYP,16.0900001525879,14.9099998474121,12.9499998092651,11.0500001907349,8.36999988555908
"Unemployment, total (% of total labor force) (modeled ILO estimate)",SL.UEM.TOTL.ZS,Czech Republic,CZE,6.1100001335144,5.05000019073486,3.95000004768372,2.89000010490417,2.24000000953674
"Unemployment, total (% of total labor force) (modeled ILO estimate)",SL.UEM.TOTL.ZS,Denmark,DNK,6.92999982833862,6.28000020980835,5.98999977111816,5.82999992370605,5.13000011444092
"Unemployment, total (% of total labor force) (modeled ILO estimate)",SL.UEM.TOTL.ZS,Djibouti,DJI,26.4750003814697,26.3250007629395,26.193000793457,26.0599994659424,26.1889991760254
"Unemployment, total (% of total labor force) (modeled ILO estimate)",SL.UEM.TOTL.ZS,Dominica,DMA,..,..,..,..,..
"Unemployment, total (% of total labor force) (modeled ILO estimate)",SL.UEM.TOTL.ZS,Dominican Republic,DOM,6.71999979019165,7.6100001335144,7.28000020980835,5.82999992370605,5.8600001335144
"Unemployment, total (% of total labor force) (modeled ILO estimate)",SL.UEM.TOTL.ZS,Ecuador,ECU,3.48000001907349,3.61999988555908,4.59999990463257,3.83999991416931,3.52999997138977
"Unemployment, total (% of total labor force) (modeled ILO estimate)",SL.UEM.TOTL.ZS,"Egypt, Arab Rep.",EGY,13.1000003814697,13.0500001907349,12.4099998474121,11.7399997711182,9.81999969482422
"Unemployment, total (% of total labor force) (modeled ILO estimate)",SL.UEM.TOTL.ZS,El Salvador,SLV,4.15000009536743,4,4.42000007629395,4.3899998664856,4.01000022888184
"Unemployment, total (% of total labor force) (modeled ILO estimate)",SL.UEM.TOTL.ZS,Equatorial Guinea,GNQ,8.48299980163574,8.54399967193604,8.62899971008301,8.64799976348877,8.62399959564209
"Unemployment, total (% of total labor force) (modeled ILO estimate)",SL.UEM.TOTL.ZS,Eritrea,ERI,5.6729998588562,5.82800006866455,5.90199995040894,5.94299983978271,5.94700002670288
"Unemployment, total (% of total labor force) (modeled ILO estimate)",SL.UEM.TOTL.ZS,Estonia,EST,7.34999990463257,6.19000005722046,6.76000022888184,5.76000022888184,5.36999988555908
"Unemployment, total (% of total labor force) (modeled ILO estimate)",SL.UEM.TOTL.ZS,Eswatini,SWZ,23.9659996032715,23.3290004730225,22.7199993133545,22.7530002593994,22.7919998168945
"Unemployment, total (% of total labor force) (modeled ILO estimate)",SL.UEM.TOTL.ZS,Ethiopia,ETH,2.26200008392334,2.2739999294281,2.28800010681152,2.29900002479553,2.31800007820129
"Unemployment, total (% of total labor force) (modeled ILO estimate)",SL.UEM.TOTL.ZS,Faroe Islands,FRO,..,..,..,..,..
"Unemployment, total (% of total labor force) (modeled ILO estimate)",SL.UEM.TOTL.ZS,Fiji,FJI,4.28999996185303,4.29500007629395,4.32000017166138,4.27799987792969,4.33300018310547
"Unemployment, total (% of total labor force) (modeled ILO estimate)",SL.UEM.TOTL.ZS,Finland,FIN,8.65999984741211,9.38000011444092,8.81999969482422,8.64000034332275,7.3600001335144
"Unemployment, total (% of total labor force) (modeled ILO estimate)",SL.UEM.TOTL.ZS,France,FRA,10.289999961853,10.3500003814697,10.0500001907349,9.40999984741211,9.02000045776367
"Unemployment, total (% of total labor force) (modeled ILO estimate)",SL.UEM.TOTL.ZS,French Polynesia,PYF,12.2040004730225,12.1669998168945,12.1770000457764,12.2130002975464,12.2480001449585
"Unemployment, total (% of total labor force) (modeled ILO estimate)",SL.UEM.TOTL.ZS,Gabon,GAB,20.5729999542236,20.613000869751,20.6690006256104,20.7210006713867,20.7490005493164
"Unemployment, total (% of total labor force) (modeled ILO estimate)",SL.UEM.TOTL.ZS,"Gambia, The",GMB,9.50300025939941,9.46700000762939,9.4980001449585,9.48499965667725,9.47599983215332
"Unemployment, total (% of total labor force) (modeled ILO estimate)",SL.UEM.TOTL.ZS,Georgia,GEO,17.4400005340576,16.5100002288818,16.6000003814697,13.9399995803833,12.6700000762939
"Unemployment, total (% of total labor force) (modeled ILO estimate)",SL.UEM.TOTL.ZS,Germany,DEU,4.98000001907349,4.61999988555908,4.11999988555908,3.75,3.38000011444092
"Unemployment, total (% of total labor force) (modeled ILO estimate)",SL.UEM.TOTL.ZS,Ghana,GHA,6.52400016784668,6.80999994277954,5.52699995040894,4.21999979019165,4.27600002288818
"Unemployment, total (% of total labor force) (modeled ILO estimate)",SL.UEM.TOTL.ZS,Gibraltar,GIB,..,..,..,..,..
"Unemployment, total (% of total labor force) (modeled ILO estimate)",SL.UEM.TOTL.ZS,Greece,GRC,26.4899997711182,24.8999996185303,23.5400009155273,21.4899997711182,19.2900009155273
"Unemployment, total (% of total labor force) (modeled ILO estimate)",SL.UEM.TOTL.ZS,Greenland,GRL,..,..,..,..,..
"Unemployment, total (% of total labor force) (modeled ILO estimate)",SL.UEM.TOTL.ZS,Grenada,GRD,..,..,..,..,..
"Unemployment, total (% of total labor force) (modeled ILO estimate)",SL.UEM.TOTL.ZS,Guam,GUM,7.59999990463257,6.90000009536743,5.40000009536743,5.43499994277954,5.55900001525879
"Unemployment, total (% of total labor force) (modeled ILO estimate)",SL.UEM.TOTL.ZS,Guatemala,GTM,2.72000002861023,2.50999999046326,2.57999992370605,2.46000003814697,2.27999997138977
"Unemployment, total (% of total labor force) (modeled ILO estimate)",SL.UEM.TOTL.ZS,Guinea,GIN,4.89599990844727,4.9229998588562,4.88000011444092,4.91400003433228,4.98299980163574
"Unemployment, total (% of total labor force) (modeled ILO estimate)",SL.UEM.TOTL.ZS,Guinea-Bissau,GNB,5.80299997329712,5.86999988555908,5.95100021362305,5.98600006103516,5.98199987411499
"Unemployment, total (% of total labor force) (modeled ILO estimate)",SL.UEM.TOTL.ZS,Guyana,GUY,12.923999786377,13.2119998931885,13.46399974823,13.746000289917,14.0200004577637
"Unemployment, total (% of total labor force) (modeled ILO estimate)",SL.UEM.TOTL.ZS,Haiti,HTI,13.951000213623,13.9619998931885,13.9250001907349,13.8769998550415,13.8599996566772
"Unemployment, total (% of total labor force) (modeled ILO estimate)",SL.UEM.TOTL.ZS,Honduras,HND,7.07999992370605,6.15000009536743,6.73000001907349,5.53000020980835,5.65000009536743
"Unemployment, total (% of total labor force) (modeled ILO estimate)",SL.UEM.TOTL.ZS,"Hong Kong SAR, China",HKG,3.29999995231628,3.30999994277954,3.39000010490417,3.13000011444092,2.8199999332428
"Unemployment, total (% of total labor force) (modeled ILO estimate)",SL.UEM.TOTL.ZS,Hungary,HUN,7.73000001907349,6.80999994277954,5.1100001335144,4.15999984741211,3.71000003814697
"Unemployment, total (% of total labor force) (modeled ILO estimate)",SL.UEM.TOTL.ZS,Iceland,ISL,4.90000009536743,3.98000001907349,2.98000001907349,2.74000000953674,2.70000004768372
"Unemployment, total (% of total labor force) (modeled ILO estimate)",SL.UEM.TOTL.ZS,India,IND,5.43599987030029,5.43499994277954,5.4229998588562,5.35799980163574,5.32999992370605
"Unemployment, total (% of total labor force) (modeled ILO estimate)",SL.UEM.TOTL.ZS,Indonesia,IDN,4.05000019073486,4.51000022888184,4.30000019073486,3.88000011444092,4.40000009536743
"Unemployment, total (% of total labor force) (modeled ILO estimate)",SL.UEM.TOTL.ZS,"Iran, Islamic Rep.",IRN,10.6800003051758,11.1700000762939,12.6199998855591,12.2299995422363,12.1899995803833
"Unemployment, total (% of total labor force) (modeled ILO estimate)",SL.UEM.TOTL.ZS,Iraq,IRQ,10.5900001525879,10.7250003814697,10.8199996948242,13.0200004577637,12.9659996032715
"Unemployment, total (% of total labor force) (modeled ILO estimate)",SL.UEM.TOTL.ZS,Ireland,IRL,11.8599996566772,9.90999984741211,8.36999988555908,6.71000003814697,5.73999977111816
"Unemployment, total (% of total labor force) (modeled ILO estimate)",SL.UEM.TOTL.ZS,Isle of Man,IMN,..,..,..,..,..
"Unemployment, total (% of total labor force) (modeled ILO estimate)",SL.UEM.TOTL.ZS,Israel,ISR,5.8899998664856,5.25,4.80000019073486,4.21999979019165,4
"Unemployment, total (% of total labor force) (modeled ILO estimate)",SL.UEM.TOTL.ZS,Italy,ITA,12.6800003051758,11.8999996185303,11.6899995803833,11.210000038147,10.6099996566772
"Unemployment, total (% of total labor force) (modeled ILO estimate)",SL.UEM.TOTL.ZS,Jamaica,JAM,13.7399997711182,13.5100002288818,13.1899995803833,11.6300001144409,9.10000038146973
"Unemployment, total (% of total labor force) (modeled ILO estimate)",SL.UEM.TOTL.ZS,Japan,JPN,3.59999990463257,3.40000009536743,3.09999990463257,2.79999995231628,2.40000009536743
"Unemployment, total (% of total labor force) (modeled ILO estimate)",SL.UEM.TOTL.ZS,Jordan,JOR,11.8999996185303,13.0799999237061,15.2799997329712,18.1399993896484,18.2700004577637
"Unemployment, total (% of total labor force) (modeled ILO estimate)",SL.UEM.TOTL.ZS,Kazakhstan,KAZ,5.05999994277954,4.92999982833862,4.96000003814697,4.90000009536743,4.84999990463257
"Unemployment, total (% of total labor force) (modeled ILO estimate)",SL.UEM.TOTL.ZS,Kenya,KEN,2.79500007629395,2.77699995040894,2.75999999046326,3.51300001144409,4.24900007247925
"Unemployment, total (% of total labor force) (modeled ILO estimate)",SL.UEM.TOTL.ZS,Kiribati,KIR,..,..,..,..,..
"Unemployment, total (% of total labor force) (modeled ILO estimate)",SL.UEM.TOTL.ZS,"Korea, Dem. People's Rep.",PRK,2.74399995803833,2.74399995803833,2.75500011444092,2.69799995422363,2.62599992752075
"Unemployment, total (% of total labor force) (modeled ILO estimate)",SL.UEM.TOTL.ZS,"Korea, Rep.",KOR,3.07999992370605,3.54999995231628,3.65000009536743,3.65000009536743,3.8199999332428
"Unemployment, total (% of total labor force) (modeled ILO estimate)",SL.UEM.TOTL.ZS,Kosovo,XKX,..,..,..,..,..
"Unemployment, total (% of total labor force) (modeled ILO estimate)",SL.UEM.TOTL.ZS,Kuwait,KWT,2.90000009536743,2.20000004768372,2.16000008583069,2.19700002670288,2.16499996185303
"Unemployment, total (% of total labor force) (modeled ILO estimate)",SL.UEM.TOTL.ZS,Kyrgyz Republic,KGZ,8.05000019073486,7.55999994277954,7.21000003814697,6.8899998664856,6.88600015640259
"Unemployment, total (% of total labor force) (modeled ILO estimate)",SL.UEM.TOTL.ZS,Lao PDR,LAO,0.763000011444092,0.777999997138977,0.791999995708466,0.805000007152557,0.827000021934509
"Unemployment, total (% of total labor force) (modeled ILO estimate)",SL.UEM.TOTL.ZS,Latvia,LVA,10.8500003814697,9.86999988555908,9.64000034332275,8.72000026702881,7.40999984741211
"Unemployment, total (% of total labor force) (modeled ILO estimate)",SL.UEM.TOTL.ZS,Lebanon,LBN,8.80900001525879,9.31700038909912,9.78299999237061,10.2740001678467,10.7959995269775
"Unemployment, total (% of total labor force) (modeled ILO estimate)",SL.UEM.TOTL.ZS,Lesotho,LSO,24.2210006713867,23.8409996032715,23.4750003814697,23.2000007629395,22.8129997253418
"Unemployment, total (% of total labor force) (modeled ILO estimate)",SL.UEM.TOTL.ZS,Liberia,LBR,2.07999992370605,2.07999992370605,3.07999992370605,3.04900002479553,3.02999997138977
"Unemployment, total (% of total labor force) (modeled ILO estimate)",SL.UEM.TOTL.ZS,Libya,LBY,19.4629993438721,19.5310001373291,19.5279998779297,19.371000289917,19.4549999237061
"Unemployment, total (% of total labor force) (modeled ILO estimate)",SL.UEM.TOTL.ZS,Liechtenstein,LIE,..,..,..,..,..
"Unemployment, total (% of total labor force) (modeled ILO estimate)",SL.UEM.TOTL.ZS,Lithuania,LTU,10.6999998092651,9.11999988555908,7.8600001335144,7.07000017166138,6.15000009536743
"Unemployment, total (% of total labor force) (modeled ILO estimate)",SL.UEM.TOTL.ZS,Luxembourg,LUX,5.84999990463257,6.67000007629395,6.28999996185303,5.51999998092651,5.59000015258789
"Unemployment, total (% of total labor force) (modeled ILO estimate)",SL.UEM.TOTL.ZS,"Macao SAR, China",MAC,1.70000004768372,1.80999994277954,1.94000005722046,1.99000000953674,1.83000004291534
"Unemployment, total (% of total labor force) (modeled ILO estimate)",SL.UEM.TOTL.ZS,Madagascar,MDG,1.38999998569489,1.78999996185303,1.80499994754791,1.82299995422363,1.84300005435944
"Unemployment, total (% of total labor force) (modeled ILO estimate)",SL.UEM.TOTL.ZS,Malawi,MWI,5.89799976348877,5.86399984359741,5.81699991226196,5.76000022888184,5.75799989700317
"Unemployment, total (% of total labor force) (modeled ILO estimate)",SL.UEM.TOTL.ZS,Malaysia,MYS,2.88000011444092,3.09999990463257,3.44000005722046,3.41000008583069,3.29999995231628
"Unemployment, total (% of total labor force) (modeled ILO estimate)",SL.UEM.TOTL.ZS,Maldives,MDV,7.86700010299683,6.92899990081787,6.11999988555908,5.86999988555908,5.61899995803833
"Unemployment, total (% of total labor force) (modeled ILO estimate)",SL.UEM.TOTL.ZS,Mali,MLI,6.38000011444092,7.73000001907349,7.57000017166138,7.40999984741211,7.42799997329712
"Unemployment, total (% of total labor force) (modeled ILO estimate)",SL.UEM.TOTL.ZS,Malta,MLT,5.71999979019165,5.38000011444092,4.69000005722046,4,3.66000008583069
"Unemployment, total (% of total labor force) (modeled ILO estimate)",SL.UEM.TOTL.ZS,Marshall Islands,MHL,..,..,..,..,..
"Unemployment, total (% of total labor force) (modeled ILO estimate)",SL.UEM.TOTL.ZS,Mauritania,MRT,10.0509996414185,10.1379995346069,10.2609996795654,10.3400001525879,10.3850002288818
"Unemployment, total (% of total labor force) (modeled ILO estimate)",SL.UEM.TOTL.ZS,Mauritius,MUS,7.46999979019165,7.40999984741211,6.80999994277954,6.75,6.42999982833862
"Unemployment, total (% of total labor force) (modeled ILO estimate)",SL.UEM.TOTL.ZS,Mexico,MEX,4.80999994277954,4.30999994277954,3.85999989509583,3.42000007629395,3.27999997138977
"Unemployment, total (% of total labor force) (modeled ILO estimate)",SL.UEM.TOTL.ZS,"Micronesia, Fed. Sts.",FSM,..,..,..,..,..
"Unemployment, total (% of total labor force) (modeled ILO estimate)",SL.UEM.TOTL.ZS,Moldova,MDA,3.73000001907349,4.69999980926514,4.01999998092651,4.09999990463257,4.1100001335144
"Unemployment, total (% of total labor force) (modeled ILO estimate)",SL.UEM.TOTL.ZS,Monaco,MCO,..,..,..,..,..
"Unemployment, total (% of total labor force) (modeled ILO estimate)",SL.UEM.TOTL.ZS,Mongolia,MNG,4.80000019073486,4.8600001335144,7.23999977111816,6.3600001335144,5.38000011444092
"Unemployment, total (% of total labor force) (modeled ILO estimate)",SL.UEM.TOTL.ZS,Montenegro,MNE,18,17.5400009155273,17.7199993133545,16.0699996948242,15.1700000762939
"Unemployment, total (% of total labor force) (modeled ILO estimate)",SL.UEM.TOTL.ZS,Morocco,MAR,9.69999980926514,9.46000003814697,9.30000019073486,9.24199962615967,9.26500034332275
"Unemployment, total (% of total labor force) (modeled ILO estimate)",SL.UEM.TOTL.ZS,Mozambique,MOZ,3.38299989700317,3.4300000667572,3.44700002670288,3.45099997520447,3.45600008964539
"Unemployment, total (% of total labor force) (modeled ILO estimate)",SL.UEM.TOTL.ZS,Myanmar,MMR,0.754999995231628,0.769999980926514,1.17700004577637,1.55999994277954,0.870000004768372
"Unemployment, total (% of total labor force) (modeled ILO estimate)",SL.UEM.TOTL.ZS,Namibia,NAM,18.5200004577637,20.9109992980957,23.3500003814697,21.6389999389648,19.8799991607666
"Unemployment, total (% of total labor force) (modeled ILO estimate)",SL.UEM.TOTL.ZS,Nauru,NRU,..,..,..,..,..
"Unemployment, total (% of total labor force) (modeled ILO estimate)",SL.UEM.TOTL.ZS,Nepal,NPL,2.94400000572205,3.09999990463257,2.86800003051758,3.31800007820129,3.19300007820129
"Unemployment, total (% of total labor force) (modeled ILO estimate)",SL.UEM.TOTL.ZS,Netherlands,NLD,7.42000007629395,6.86999988555908,6.01000022888184,4.84000015258789,3.82999992370605
"Unemployment, total (% of total labor force) (modeled ILO estimate)",SL.UEM.TOTL.ZS,New Caledonia,NCL,14.5900001525879,14.7290000915527,14.6949996948242,14.7849998474121,14.8470001220703
"Unemployment, total (% of total labor force) (modeled ILO estimate)",SL.UEM.TOTL.ZS,New Zealand,NZL,5.42999982833862,5.40999984741211,5.15000009536743,4.73999977111816,4.32999992370605
"Unemployment, total (% of total labor force) (modeled ILO estimate)",SL.UEM.TOTL.ZS,Nicaragua,NIC,4.51999998092651,4.69999980926514,3.90000009536743,3.29999995231628,5.19999980926514
"Unemployment, total (% of total labor force) (modeled ILO estimate)",SL.UEM.TOTL.ZS,Niger,NER,0.519999980926514,0.529999971389771,0.533999979496002,0.541999995708466,0.545000016689301
"Unemployment, total (% of total labor force) (modeled ILO estimate)",SL.UEM.TOTL.ZS,Nigeria,NGA,4.55999994277954,4.30999994277954,7.05999994277954,8.39000034332275,8.45600032806396
"Unemployment, total (% of total labor force) (modeled ILO estimate)",SL.UEM.TOTL.ZS,North Macedonia,MKD,28.0300006866455,26.0699996948242,23.7199993133545,22.3799991607666,20.7399997711182
"Unemployment, total (% of total labor force) (modeled ILO estimate)",SL.UEM.TOTL.ZS,Northern Mariana Islands,MNP,..,..,..,..,..
"Unemployment, total (% of total labor force) (modeled ILO estimate)",SL.UEM.TOTL.ZS,Norway,NOR,3.48000001907349,4.30000019073486,4.67999982833862,4.15999984741211,3.79999995231628
"Unemployment, total (% of total labor force) (modeled ILO estimate)",SL.UEM.TOTL.ZS,Oman,OMN,3.54299998283386,3.39199995994568,3.26999998092651,2.56500005722046,1.79999995231628
"Unemployment, total (% of total labor force) (modeled ILO estimate)",SL.UEM.TOTL.ZS,Pakistan,PAK,1.83000004291534,3.5699999332428,3.77900004386902,3.91599988937378,4.07999992370605
"Unemployment, total (% of total labor force) (modeled ILO estimate)",SL.UEM.TOTL.ZS,Palau,PLW,..,..,..,..,..
"Unemployment, total (% of total labor force) (modeled ILO estimate)",SL.UEM.TOTL.ZS,Panama,PAN,2.70700001716614,2.97699999809265,3.26300001144409,3.85899996757507,3.83299994468689
"Unemployment, total (% of total labor force) (modeled ILO estimate)",SL.UEM.TOTL.ZS,Papua New Guinea,PNG,2.375,2.4760000705719,2.48399996757507,2.50699996948242,2.56399989128113
"Unemployment, total (% of total labor force) (modeled ILO estimate)",SL.UEM.TOTL.ZS,Paraguay,PRY,5.03000020980835,4.55999994277954,5.25,4.6100001335144,6.21999979019165
"Unemployment, total (% of total labor force) (modeled ILO estimate)",SL.UEM.TOTL.ZS,Peru,PER,3.21000003814697,3.26999998092651,3.74000000953674,3.69000005722046,3.49000000953674
"Unemployment, total (% of total labor force) (modeled ILO estimate)",SL.UEM.TOTL.ZS,Philippines,PHL,3.59999990463257,3.0699999332428,2.70000004768372,2.54999995231628,2.33999991416931
"Unemployment, total (% of total labor force) (modeled ILO estimate)",SL.UEM.TOTL.ZS,Poland,POL,8.98999977111816,7.5,6.15999984741211,4.8899998664856,3.84999990463257
"Unemployment, total (% of total labor force) (modeled ILO estimate)",SL.UEM.TOTL.ZS,Portugal,PRT,13.8900003433228,12.4399995803833,11.0699996948242,8.86999988555908,6.98999977111816
"Unemployment, total (% of total labor force) (modeled ILO estimate)",SL.UEM.TOTL.ZS,Puerto Rico,PRI,13.8999996185303,12,11.8000001907349,10.8000001907349,9.19999980926514
"Unemployment, total (% of total labor force) (modeled ILO estimate)",SL.UEM.TOTL.ZS,Qatar,QAT,0.200000002980232,0.170000001788139,0.150000005960464,0.140000000596046,0.109999999403954
"Unemployment, total (% of total labor force) (modeled ILO estimate)",SL.UEM.TOTL.ZS,Romania,ROU,6.80000019073486,6.80999994277954,5.90000009536743,4.92999982833862,4.19000005722046
"Unemployment, total (% of total labor force) (modeled ILO estimate)",SL.UEM.TOTL.ZS,Russian Federation,RUS,5.15999984741211,5.57000017166138,5.55999994277954,5.21000003814697,4.84999990463257
"Unemployment, total (% of total labor force) (modeled ILO estimate)",SL.UEM.TOTL.ZS,Rwanda,RWA,1.16999995708466,1.14800000190735,1.14400005340576,1.13699996471405,1.11099994182587
"Unemployment, total (% of total labor force) (modeled ILO estimate)",SL.UEM.TOTL.ZS,Samoa,WSM,8.72000026702881,8.50100040435791,8.30700016021729,8.57800006866455,8.68599987030029
"Unemployment, total (% of total labor force) (modeled ILO estimate)",SL.UEM.TOTL.ZS,San Marino,SMR,..,..,..,..,..
"Unemployment, total (% of total labor force) (modeled ILO estimate)",SL.UEM.TOTL.ZS,Sao Tome and Principe,STP,13.7049999237061,13.8210000991821,13.8940000534058,13.9739999771118,14.0609998703003
"Unemployment, total (% of total labor force) (modeled ILO estimate)",SL.UEM.TOTL.ZS,Saudi Arabia,SAU,5.71999979019165,5.59000015258789,5.65000009536743,5.8899998664856,6.03999996185303
"Unemployment, total (% of total labor force) (modeled ILO estimate)",SL.UEM.TOTL.ZS,Senegal,SEN,7.64599990844727,6.76000022888184,4.46000003814697,3.69000005722046,3.27500009536743
"Unemployment, total (% of total labor force) (modeled ILO estimate)",SL.UEM.TOTL.ZS,Serbia,SRB,19.2199993133545,17.6599998474121,15.2600002288818,13.4799995422363,12.7299995422363
"Unemployment, total (% of total labor force) (modeled ILO estimate)",SL.UEM.TOTL.ZS,Seychelles,SYC,..,..,..,..,..
"Unemployment, total (% of total labor force) (modeled ILO estimate)",SL.UEM.TOTL.ZS,Sierra Leone,SLE,4.67999982833862,4.74200010299683,4.66300010681152,4.66300010681152,4.65999984741211
"Unemployment, total (% of total labor force) (modeled ILO estimate)",SL.UEM.TOTL.ZS,Singapore,SGP,3.74000000953674,3.78999996185303,4.07999992370605,4.19999980926514,3.64299988746643
"Unemployment, total (% of total labor force) (modeled ILO estimate)",SL.UEM.TOTL.ZS,Sint Maarten (Dutch part),SXM,..,..,..,..,..
"Unemployment, total (% of total labor force) (modeled ILO estimate)",SL.UEM.TOTL.ZS,Slovak Republic,SVK,13.1800003051758,11.4799995422363,9.67000007629395,8.13000011444092,6.53999996185303
"Unemployment, total (% of total labor force) (modeled ILO estimate)",SL.UEM.TOTL.ZS,Slovenia,SVN,9.67000007629395,8.96000003814697,8,6.55999994277954,5.1100001335144
"Unemployment, total (% of total labor force) (modeled ILO estimate)",SL.UEM.TOTL.ZS,Solomon Islands,SLB,0.732999980449677,0.734000027179718,0.698000013828278,0.707000017166138,0.723999977111816
"Unemployment, total (% of total labor force) (modeled ILO estimate)",SL.UEM.TOTL.ZS,Somalia,SOM,18.9300003051758,18.9029998779297,18.8889999389648,18.8819999694824,18.8500003814697
"Unemployment, total (% of total labor force) (modeled ILO estimate)",SL.UEM.TOTL.ZS,South Africa,ZAF,24.8899993896484,25.1499996185303,26.5400009155273,27.0400009155273,26.9099998474121
"Unemployment, total (% of total labor force) (modeled ILO estimate)",SL.UEM.TOTL.ZS,South Sudan,SSD,12.1879997253418,12.2749996185303,12.2950000762939,12.253999710083,12.2370004653931
"Unemployment, total (% of total labor force) (modeled ILO estimate)",SL.UEM.TOTL.ZS,Spain,ESP,24.4400005340576,22.0599994659424,19.6299991607666,17.2199993133545,15.25
"Unemployment, total (% of total labor force) (modeled ILO estimate)",SL.UEM.TOTL.ZS,Sri Lanka,LKA,4.19000005722046,4.51999998092651,4.23999977111816,4.05000019073486,4.32000017166138
"Unemployment, total (% of total labor force) (modeled ILO estimate)",SL.UEM.TOTL.ZS,St. Kitts and Nevis,KNA,..,..,..,..,..
"Unemployment, total (% of total labor force) (modeled ILO estimate)",SL.UEM.TOTL.ZS,St. Lucia,LCA,21.2959995269775,20.5620002746582,19.6490001678467,18.8600006103516,19.0799999237061
"Unemployment, total (% of total labor force) (modeled ILO estimate)",SL.UEM.TOTL.ZS,St. Martin (French part),MAF,..,..,..,..,..
"Unemployment, total (% of total labor force) (modeled ILO estimate)",SL.UEM.TOTL.ZS,St. Vincent and the Grenadines,VCT,19.05299949646,19.0900001525879,19.1100006103516,19.181999206543,19.1800003051758
"Unemployment, total (% of total labor force) (modeled ILO estimate)",SL.UEM.TOTL.ZS,Sudan,SDN,17.4309997558594,17.4899997711182,17.5200004577637,17.5330009460449,17.5799999237061
"Unemployment, total (% of total labor force) (modeled ILO estimate)",SL.UEM.TOTL.ZS,Suriname,SUR,6.94000005722046,7.21999979019165,7.92000007629395,7.90399980545044,7.92600011825562
"Unemployment, total (% of total labor force) (modeled ILO estimate)",SL.UEM.TOTL.ZS,Sweden,SWE,7.94999980926514,7.42999982833862,6.98999977111816,6.71999979019165,6.3600001335144
"Unemployment, total (% of total labor force) (modeled ILO estimate)",SL.UEM.TOTL.ZS,Switzerland,CHE,4.82999992370605,4.80000019073486,4.92000007629395,4.80000019073486,4.71000003814697
"Unemployment, total (% of total labor force) (modeled ILO estimate)",SL.UEM.TOTL.ZS,Syrian Arab Republic,SYR,8.7209997177124,8.71199989318848,8.72500038146973,8.7519998550415,8.75500011444092
"Unemployment, total (% of total labor force) (modeled ILO estimate)",SL.UEM.TOTL.ZS,Tajikistan,TJK,8.22999954223633,7.55399990081787,6.90000009536743,6.9539999961853,7.01200008392334
"Unemployment, total (% of total labor force) (modeled ILO estimate)",SL.UEM.TOTL.ZS,Tanzania,TZA,2.11999988555908,2.14299988746643,2.15799999237061,2.17700004577637,2.20600008964539
"Unemployment, total (% of total labor force) (modeled ILO estimate)",SL.UEM.TOTL.ZS,Thailand,THA,0.579999983310699,0.600000023841858,0.689999997615814,0.829999983310699,0.769999980926514
"Unemployment, total (% of total labor force) (modeled ILO estimate)",SL.UEM.TOTL.ZS,Timor-Leste,TLS,4.21000003814697,4.44600009918213,4.65999984741211,4.76000022888184,4.73099994659424
"Unemployment, total (% of total labor force) (modeled ILO estimate)",SL.UEM.TOTL.ZS,Togo,TGO,2.14499998092651,2.20000004768372,2.96600008010864,3.74000000953674,3.72900009155273
"Unemployment, total (% of total labor force) (modeled ILO estimate)",SL.UEM.TOTL.ZS,Tonga,TON,2.36500000953674,2.54999995231628,2.56900000572205,2.81500005722046,3.0699999332428
"Unemployment, total (% of total labor force) (modeled ILO estimate)",SL.UEM.TOTL.ZS,Trinidad and Tobago,TTO,2.48000001907349,2.4300000667572,3.21000003814697,3.27500009536743,3.33699989318848
"Unemployment, total (% of total labor force) (modeled ILO estimate)",SL.UEM.TOTL.ZS,Tunisia,TUN,15.0570001602173,15.1599998474121,15.5600004196167,15.3299999237061,15.460000038147
"Unemployment, total (% of total labor force) (modeled ILO estimate)",SL.UEM.TOTL.ZS,Turkiye,TUR,9.88000011444092,10.2399997711182,10.8400001525879,10.8199996948242,10.8900003433228
"Unemployment, total (% of total labor force) (modeled ILO estimate)",SL.UEM.TOTL.ZS,Turkmenistan,TKM,4.14499998092651,4.13899993896484,4.16900014877319,4.2039999961853,4.23400020599365
"Unemployment, total (% of total labor force) (modeled ILO estimate)",SL.UEM.TOTL.ZS,Turks and Caicos Islands,TCA,..,..,..,..,..
"Unemployment, total (% of total labor force) (modeled ILO estimate)",SL.UEM.TOTL.ZS,Tuvalu,TUV,..,..,..,..,..
"Unemployment, total (% of total labor force) (modeled ILO estimate)",SL.UEM.TOTL.ZS,Uganda,UGA,1.90600001811981,1.91100001335144,1.91999995708466,1.932000041008,1.92299997806549
"Unemployment, total (% of total labor force) (modeled ILO estimate)",SL.UEM.TOTL.ZS,Ukraine,UKR,9.27000045776367,9.14000034332275,9.35000038146973,9.5,8.80000019073486
"Unemployment, total (% of total labor force) (modeled ILO estimate)",SL.UEM.TOTL.ZS,United Arab Emirates,ARE,1.91100001335144,1.76800000667572,1.63999998569489,2.46000003814697,2.35199999809265
"Unemployment, total (% of total labor force) (modeled ILO estimate)",SL.UEM.TOTL.ZS,United Kingdom,GBR,6.1100001335144,5.30000019073486,4.80999994277954,4.32999992370605,4
"Unemployment, total (% of total labor force) (modeled ILO estimate)",SL.UEM.TOTL.ZS,United States,USA,6.17000007629395,5.28000020980835,4.86999988555908,4.3600001335144,3.90000009536743
"Unemployment, total (% of total labor force) (modeled ILO estimate)",SL.UEM.TOTL.ZS,Uruguay,URY,6.55000019073486,7.48999977111816,7.84000015258789,7.8899998664856,8.34000015258789
"Unemployment, total (% of total labor force) (modeled ILO estimate)",SL.UEM.TOTL.ZS,Uzbekistan,UZB,5.09999990463257,5.19999980926514,5.19999980926514,5.80000019073486,5.83500003814697
"Unemployment, total (% of total labor force) (modeled ILO estimate)",SL.UEM.TOTL.ZS,Vanuatu,VUT,1.80799996852875,1.86199998855591,1.77600002288818,1.74500000476837,1.80900001525879
"Unemployment, total (% of total labor force) (modeled ILO estimate)",SL.UEM.TOTL.ZS,"Venezuela, RB",VEN,6.86399984359741,6.07999992370605,5.32000017166138,5.05000019073486,5.02199983596802
"Unemployment, total (% of total labor force) (modeled ILO estimate)",SL.UEM.TOTL.ZS,Vietnam,VNM,1.25999999046326,1.85000002384186,1.85000002384186,1.87000000476837,1.1599999666214
"Unemployment, total (% of total labor force) (modeled ILO estimate)",SL.UEM.TOTL.ZS,Virgin Islands (U.S.),VIR,12.7910003662109,12.6169996261597,12.6770000457764,12.3249998092651,12.4259996414185
"Unemployment, total (% of total labor force) (modeled ILO estimate)",SL.UEM.TOTL.ZS,West Bank and Gaza,PSE,20.5300006866455,23,23.9400005340576,25.6800003051758,26.2600002288818
"Unemployment, total (% of total labor force) (modeled ILO estimate)",SL.UEM.TOTL.ZS,"Yemen, Rep.",YEM,13.4700002670288,13.7700004577637,13.4329996109009,13.2969999313354,13.1450004577637
"Unemployment, total (% of total labor force) (modeled ILO estimate)",SL.UEM.TOTL.ZS,Zambia,ZMB,9.36200046539307,10.125,10.8719997406006,11.6300001144409,12.0100002288818
"Unemployment, total (% of total labor force) (modeled ILO estimate)",SL.UEM.TOTL.ZS,Zimbabwe,ZWE,4.76999998092651,4.77799987792969,4.78800010681152,4.78499984741211,4.7960000038147
"Unemployment, total (% of total labor force) (modeled ILO estimate)",SL.UEM.TOTL.ZS,Africa Eastern and Southern,AFE,6.40519550006924,6.49004120319987,6.61020531330575,6.7149547357794,6.73116273378074
"Unemployment, total (% of total labor force) (modeled ILO estimate)",SL.UEM.TOTL.ZS,Africa Western and Central,AFW,4.6880883010437,4.62673719960996,5.56701668670193,6.01950535255351,6.04109241959404
"Unemployment, total (% of total labor force) (modeled ILO estimate)",SL.UEM.TOTL.ZS,Arab World,ARB,10.872226624652,10.9659005435465,10.7611153061116,10.8963785642502,10.5023355572556
"Unemployment, total (% of total labor force) (modeled ILO estimate)",SL.UEM.TOTL.ZS,Caribbean small states,CSS,10.8452254262382,10.552528627528,10.6060482137497,9.763381883136,8.70936959479723
"Unemployment, total (% of total labor force) (modeled ILO estimate)",SL.UEM.TOTL.ZS,Central Europe and the Baltics,CEB,8.95102672160773,7.81683598071959,6.48834999927626,5.29679898072446,4.31640738540508
"Unemployment, total (% of total labor force) (modeled ILO estimate)",SL.UEM.TOTL.ZS,Early-demographic dividend,EAR,5.58352217739616,5.72893601073069,5.74571218716161,5.64561153921496,5.6367330134365
"Unemployment, total (% of total labor force) (modeled ILO estimate)",SL.UEM.TOTL.ZS,East Asia & Pacific,EAS,4.00600938662054,4.07110751804094,3.97913159839517,3.86379502021625,3.733398635164
"Unemployment, total (% of total labor force) (modeled ILO estimate)",SL.UEM.TOTL.ZS,East Asia & Pacific (excluding high income),EAP,4.02818237383274,4.1025384793426,4.01676439145987,3.90993666774164,3.79205498854325
"Unemployment, total (% of total labor force) (modeled ILO estimate)",SL.UEM.TOTL.ZS,East Asia & Pacific (IDA & IBRD countries),TEA,4.04704195227789,4.12253941732897,4.03537829480445,3.92791854427253,3.80941613580349
"Unemployment, total (% of total labor force) (modeled ILO estimate)",SL.UEM.TOTL.ZS,Euro area,EMU,11.6024306946926,10.8405493898791,10.0101763672267,9.04738352660696,8.17031449687859
"Unemployment, total (% of total labor force) (modeled ILO estimate)",SL.UEM.TOTL.ZS,Europe & Central Asia,ECS,8.9574776381809,8.55706154106436,8.08330602526331,7.4750924185438,6.8965054020934
"Unemployment, total (% of total labor force) (modeled ILO estimate)",SL.UEM.TOTL.ZS,Europe & Central Asia (excluding high income),ECA,7.46931134528312,7.59358380557038,7.60036131682162,7.38079515192192,7.08039480694142
"Unemployment, total (% of total labor force) (modeled ILO estimate)",SL.UEM.TOTL.ZS,Europe & Central Asia (IDA & IBRD countries),TEC,7.66160599331457,7.62894366558612,7.45147292940621,7.09358583883512,6.69182396340971
"Unemployment, total (% of total labor force) (modeled ILO estimate)",SL.UEM.TOTL.ZS,European Union,EUU,10.8510279985005,10.03105445521,9.11723055780654,8.13580439961203,7.26666027381046
"Unemployment, total (% of total labor force) (modeled ILO estimate)",SL.UEM.TOTL.ZS,Fragile and conflict affected situations,FCS,5.80768189515469,5.78035712234986,6.29668971236649,6.6352150263599,6.55300352892517
"Unemployment, total (% of total labor force) (modeled ILO estimate)",SL.UEM.TOTL.ZS,Heavily indebted poor countries (HIPC),HPC,4.70081723349143,4.77201407117625,4.70874486216044,4.6612873057925,4.68650317219983
"Unemployment, total (% of total labor force) (modeled ILO estimate)",SL.UEM.TOTL.ZS,High income,HIC,7.21266072287221,6.62792999894177,6.14747438108229,5.58756902379099,5.07192910331805
"Unemployment, total (% of total labor force) (modeled ILO estimate)",SL.UEM.TOTL.ZS,IBRD only,IBD,5.57714397039967,5.70840006343304,5.81646862201039,5.761480503486,5.62580707153224
"Unemployment, total (% of total labor force) (modeled ILO estimate)",SL.UEM.TOTL.ZS,IDA & IBRD total,IBT,5.29739689284251,5.43779149904074,5.57585481320116,5.56840297133944,5.4688025938703
"Unemployment, total (% of total labor force) (modeled ILO estimate)",SL.UEM.TOTL.ZS,IDA blend,IDB,3.50582502846479,4.06881293066375,5.00614971798094,5.61262915276044,5.79206675459111
"Unemployment, total (% of total labor force) (modeled ILO estimate)",SL.UEM.TOTL.ZS,IDA only,IDX,4.56675754907923,4.59843102471681,4.56151122355401,4.55574881717604,4.53595143864726
"Unemployment, total (% of total labor force) (modeled ILO estimate)",SL.UEM.TOTL.ZS,IDA total,IDA,4.24009294096814,4.43450532254641,4.69890612918883,4.88033326106772,4.92031561474684
"Unemployment, total (% of total labor force) (modeled ILO estimate)",SL.UEM.TOTL.ZS,Late-demographic dividend,LTE,4.92035664179839,5.08097699187288,5.244791320316,5.23200657203548,5.0094034631291
"Unemployment, total (% of total labor force) (modeled ILO estimate)",SL.UEM.TOTL.ZS,Latin America & Caribbean,LCN,6.15330975777992,6.62861756455766,7.7170228875705,7.98767157210665,7.87381476809388
"Unemployment, total (% of total labor force) (modeled ILO estimate)",SL.UEM.TOTL.ZS,Latin America & Caribbean (excluding high income),LAC,6.08412655652459,6.65975713509383,7.88526929190504,8.1841698423978,8.04721451807999
"Unemployment, total (% of total labor force) (modeled ILO estimate)",SL.UEM.TOTL.ZS,Latin America & the Caribbean (IDA & IBRD countries),TLA,6.17629737024835,6.67926409719203,7.80167913013928,8.08924662902655,7.97783084832191
"Unemployment, total (% of total labor force) (modeled ILO estimate)",SL.UEM.TOTL.ZS,Least developed countries: UN classification,LDC,4.46422658953577,4.52157284382684,4.54544492415473,4.58858086205572,4.55289735359831
"Unemployment, total (% of total labor force) (modeled ILO estimate)",SL.UEM.TOTL.ZS,Low & middle income,LMY,5.23283764136234,5.39106325760311,5.54773816667004,5.55326462480078,5.46236832021895
"Unemployment, total (% of total labor force) (modeled ILO estimate)",SL.UEM.TOTL.ZS,Low income,LIC,4.94228985007043,5.04165312461567,5.07217903250736,5.0892342529218,5.09275662337108
"Unemployment, total (% of total labor force) (modeled ILO estimate)",SL.UEM.TOTL.ZS,Lower middle income,LMC,5.01536835765583,5.16555128000506,5.26244810328327,5.25036000576587,5.21229527474947
"Unemployment, total (% of total labor force) (modeled ILO estimate)",SL.UEM.TOTL.ZS,Middle East & North Africa,MEA,10.0377695310125,10.1805807386107,10.2379758030855,10.2648531882785,9.88214245803812
"Unemployment, total (% of total labor force) (modeled ILO estimate)",SL.UEM.TOTL.ZS,Middle East & North Africa (excluding high income),MNA,11.668368582421,11.9339207623555,12.0507292518399,12.0747145385169,11.6201736870998
"Unemployment, total (% of total labor force) (modeled ILO estimate)",SL.UEM.TOTL.ZS,Middle East & North Africa (IDA & IBRD countries),TMN,11.5811337229812,11.8188548957032,11.9267002878586,11.9295793865594,11.4625203666998
"Unemployment, total (% of total labor force) (modeled ILO estimate)",SL.UEM.TOTL.ZS,Middle income,MIC,5.25956874093835,5.42381580823309,5.59322404525338,5.59856990321,5.49923686165503
"Unemployment, total (% of total labor force) (modeled ILO estimate)",SL.UEM.TOTL.ZS,North America,NAC,6.25135779208703,5.45916479127195,5.1038108238084,4.57802386299283,4.1127505987492
"Unemployment, total (% of total labor force) (modeled ILO estimate)",SL.UEM.TOTL.ZS,Not classified,INX,..,..,..,..,..
"Unemployment, total (% of total labor force) (modeled ILO estimate)",SL.UEM.TOTL.ZS,OECD members,OED,7.4051604182959,6.84800748938311,6.43086856751356,5.90263694141078,5.46424987172776
"Unemployment, total (% of total labor force) (modeled ILO estimate)",SL.UEM.TOTL.ZS,Other small states,OSS,10.6645165768939,10.6074654561516,10.6133633680487,10.2798356944488,9.92344944340233
"Unemployment, total (% of total labor force) (modeled ILO estimate)",SL.UEM.TOTL.ZS,Pacific island small states,PSS,2.91215698701012,2.88270558611284,2.83060214687742,2.81720434096303,2.85162667545181
"Unemployment, total (% of total labor force) (modeled ILO estimate)",SL.UEM.TOTL.ZS,Post-demographic dividend,PST,7.44430269932456,6.8716066700897,6.40383802318302,5.83705623105587,5.28552472988276
"Unemployment, total (% of total labor force) (modeled ILO estimate)",SL.UEM.TOTL.ZS,Pre-demographic dividend,PRE,5.18016050143437,5.18693889989028,5.68326080036308,6.0643029156491,6.12690082044966
"Unemployment, total (% of total labor force) (modeled ILO estimate)",SL.UEM.TOTL.ZS,Small states,SST,10.2934539729349,10.1974654249023,10.2137570980025,9.80112009149457,9.33547634107195
"Unemployment, total (% of total labor force) (modeled ILO estimate)",SL.UEM.TOTL.ZS,South Asia,SAS,4.96531538663113,5.14384819547507,5.1456932130385,5.11873934398138,5.11979632371503
"Unemployment, total (% of total labor force) (modeled ILO estimate)",SL.UEM.TOTL.ZS,South Asia (IDA & IBRD),TSA,4.96531538663113,5.14384819547507,5.1456932130385,5.11873934398138,5.11979632371503
"Unemployment, total (% of total labor force) (modeled ILO estimate)",SL.UEM.TOTL.ZS,Sub-Saharan Africa,SSF,5.78619766226671,5.82077483359458,6.23647955178188,6.46644381609893,6.48479163501959
"Unemployment, total (% of total labor force) (modeled ILO estimate)",SL.UEM.TOTL.ZS,Sub-Saharan Africa (excluding high income),SSA,5.78619766226672,5.82077483359458,6.23647955178188,6.46644381609893,6.48479163501959
"Unemployment, total (% of total labor force) (modeled ILO estimate)",SL.UEM.TOTL.ZS,Sub-Saharan Africa (IDA & IBRD countries),TSS,5.78619766226672,5.82077483359458,6.23647955178188,6.46644381609893,6.48479163501959
"Unemployment, total (% of total labor force) (modeled ILO estimate)",SL.UEM.TOTL.ZS,Upper middle income,UMC,5.48635555430913,5.66497020518306,5.90393148522464,5.92803856938294,5.77288907633641
"Unemployment, total (% of total labor force) (modeled ILO estimate)",SL.UEM.TOTL.ZS,World,WLD,5.60374331898927,5.62022952879487,5.65654239276581,5.55765045546064,5.38968031402404
,,,,,,,,
,,,,,,,,
,,,,,,,,
Data from database: World Development Indicators,,,,,,,,
Last Updated: 07/20/2022,,,,,,,,
